"","full_name","name","name_scientific","name_lang","id"
"1","Abeliophyllum distichum (Schneeforsythie)","schneeforsythie","Abeliophyllum distichum ","de",1
"2","Aechmea gamosepala","aechmea gamosepala","Aechmea gamosepala","de",2
"3","Amaranthus (Amarant)","amarant","Amaranthus ","de",3
"4","Apios americana (en: Groundnut)","groundnut","Apios americana ","en",4
"5","Asarum europaeum (Braune Haselwurz)","braune haselwurz","Asarum europaeum ","de",5
"6","Bacopa rotundifolia (en: Water-hyssop)","water-hyssop","Bacopa rotundifolia ","en",6
"7","Beckmannia syzigachne (en: American Slough Grass)","american slough grass","Beckmannia syzigachne ","en",7
"8","Bidens (Zweizähne)","zweizähne","Bidens ","de",8
"9","Boechera (Rockcress)","rockcress","Boechera ","de",9
"10","Cajanus cajan (Dhal)","dhal","Cajanus cajan ","de",10
"11","Cecropia peltata (Ameisenbaum)","ameisenbaum","Cecropia peltata ","de",11
"12","Chaerophyllum bulbosum (Knolliger Kälberkropf)","knolliger kälberkropf","Chaerophyllum bulbosum ","de",12
"13","Cicer arietinum (Kichererbse)","kichererbse","Cicer arietinum ","de",13
"14","Cladonia rangiferina (Echte Rentierflechte)","echte rentierflechte","Cladonia rangiferina ","de",14
"15","Coccoloba uvifera L. (Meertraube)","meertraube","Coccoloba uvifera L. ","de",15
"16","Crambe (Meerkohl)","meerkohl","Crambe ","de",16
"17","Cucumis (Gurken)","gurken","Cucumis ","de",17
"18","Cydonia oblonga (Quitte)","quitte","Cydonia oblonga ","de",18
"19","Dactylorhiza (Knabenkräuter)","knabenkräuter","Dactylorhiza ","de",19
"20","Echinacea purpurea (Purpur-Sonnenhut)","purpur-sonnenhut","Echinacea purpurea ","de",20
"21","Fagopyrum esculentum (Echter Buchweizen)","echter buchweizen","Fagopyrum esculentum ","de",21
"22","Gagea (Goldstern)","goldstern","Gagea ","de",22
"23","Hammarbya paludosa (Sumpf-Weichkraut, Sumpf-Weichorchis)","sumpf-weichkraut, sumpf-weichorchis","Hammarbya paludosa ","de",23
"24","Ilex aquifolium (Europäische Stechpalme, Ilex)","europäische stechpalme, ilex","Ilex aquifolium ","de",24
"25","Jacobaea aquatica (Wasser-Greiskraut)","wasser-greiskraut","Jacobaea aquatica ","de",25
"26","Kernera saxatilis (Felsen-Kugelschötchen)","felsen-kugelschötchen","Kernera saxatilis ","de",26
"27","Lablab purpureus (Helmbohne)","helmbohne","Lablab purpureus ","de",27
"28","Ledum palustre (Sumpfporst)","sumpfporst","Ledum palustre ","de",28
"29","Lomatogonium carinthiacum (Saumnarbe)","saumnarbe","Lomatogonium carinthiacum ","de",29
"30","Madhuca","madhuca","Madhuca","de",30
"31","Medicago lupulina (Hopfenklee)","hopfenklee","Medicago lupulina ","de",31
"32","Milicia (Iroko)","iroko","Milicia ","de",32
"33","Mucuna pruriens (Juckbohne)","juckbohne","Mucuna pruriens ","de",33
"34","Nardus stricta (Borstgras)","borstgras","Nardus stricta ","de",34
"35","Ocimum basilicum (Basilikum)","basilikum","Ocimum basilicum ","de",35
"36","Paeonia (Pfingstrosen)","pfingstrosen","Paeonia ","de",36
"37","Pedicularis (Läusekräuter)","läusekräuter","Pedicularis ","de",37
"38","Phaseolus vulgaris (Gartenbohne)","gartenbohne","Phaseolus vulgaris ","de",38
"39","Plantago (Wegeriche)","wegeriche","Plantago ","de",39
"40","Podospermum laciniatum (Schlitzblättrige Schwarzwurzel)","schlitzblättrige schwarzwurzel","Podospermum laciniatum ","de",40
"41","Primula (Primeln)","primeln","Primula ","de",41
"42","Pulicaria dysenterica (Großes Flohkraut, Ruhr-Flohkraut)","großes flohkraut, ruhr-flohkraut","Pulicaria dysenterica ","de",42
"43","Quamoclit lobata (Sternwinde)","sternwinde","Quamoclit lobata ","de",43
"44","Ranunculus (Hahnenfuß)","hahnenfuß","Ranunculus ","de",44
"45","Saccharum officinarum (Zuckerrohr)","zuckerrohr","Saccharum officinarum ","de",45
"46","Scabiosa (Skabiosen)","skabiosen","Scabiosa ","de",46
"47","Secale cereale (Roggen)","roggen","Secale cereale ","de",47
"48","Sherardia arvensis (Ackerröte)","ackerröte","Sherardia arvensis ","de",48
"49","Solanecio biafrae (Woorowo, Sierra Leone Bologi)","woorowo, sierra leone bologi","Solanecio biafrae ","de",49
"50","Sparganium erectum (Ästiger Igelkolben)","ästiger igelkolben","Sparganium erectum ","de",50
"51","Stachys (Zieste)","zieste","Stachys ","de",51
"52","Succisa pratensis (Gewöhnlicher Teufelsabbiss)","gewöhnlicher teufelsabbiss","Succisa pratensis ","de",52
"53","Tamarindus indica (Tamarindenbaum)","tamarindenbaum","Tamarindus indica ","de",53
"54","Ulmus (Ulmen)","ulmen","Ulmus ","de",54
"55","Vaccinium (Heidelbeeren)","heidelbeeren","Vaccinium ","de",55
"56","Zea mays (Mais)","mais","Zea mays ","de",56
"57","Abelmoschus esculentus (Okra)","okra","Abelmoschus esculentus ","de",57
"58","Aechmea recurvata","aechmea recurvata","Aechmea recurvata","de",58
"59","Amaryllis belladonna (Belladonnalilie, Echte Amaryllis)","belladonnalilie, echte amaryllis","Amaryllis belladonna ","de",59
"60","Apium (Sellerie)","sellerie","Apium ","de",60
"61","Asclepia (Seidenpflanzen)","seidenpflanzen","Asclepia ","de",61
"62","Bactris cubensis (Pajuapalme)","pajuapalme","Bactris cubensis ","de",62
"63","Begonia (Begonien)","begonien","Begonia ","de",63
"64","Billardiera heterophylla (en: Bluebell creeper)","bluebell creeper","Billardiera heterophylla ","en",64
"65","Boehmeria cylindrica (en: Small-spike False Nettle)","small-spike false nettle","Boehmeria cylindrica ","en",65
"66","Calamintha (Bergminze)","bergminze","Calamintha ","de",66
"67","Ceiba pentandra (Kapokbaum)","kapokbaum","Ceiba pentandra ","de",67
"68","Chamaelirium luteum (Falsches Einkorn)","falsches einkorn","Chamaelirium luteum ","de",68
"69","Cicerbita alpina (Alpen-Milchlattich)","alpen-milchlattich","Cicerbita alpina ","de",69
"70","Clarkia amoena (Sommerazalee)","sommerazalee","Clarkia amoena ","de",70
"71","Cocos nucifera (Kokosnuss)","kokosnuss","Cocos nucifera ","de",71
"72","Crataegus (Weißdorn)","weißdorn","Crataegus ","de",72
"73","Cucurbita (Kürbisse)","kürbisse","Cucurbita ","de",73
"74","Cymbalaria muralis (Zimbelkraut)","zimbelkraut","Cymbalaria muralis ","de",74
"75","Danthonia decumbens (Dreizahn)","dreizahn","Danthonia decumbens ","de",75
"76","Echinops bannaticus (Banater Kugeldistel)","banater kugeldistel","Echinops bannaticus ","de",76
"77","Fagus (Buchen)","buchen","Fagus ","de",77
"78","Galanthus nivalis (Kleines Schneeglöckchen)","kleines schneeglöckchen","Galanthus nivalis ","de",78
"79","Harpagophytum procumbens (Afrikanische Teufelskralle)","afrikanische teufelskralle","Harpagophytum procumbens ","de",79
"80","Illicium verum (Sternanis)","sternanis","Illicium verum ","de",80
"81","Jacobaea incana subsp. insubrica  (Insubrisches Greiskraut, Insubrisches Kreuzkraut)","insubrisches greiskraut, insubrisches kreuzkraut","Jacobaea incana subsp. insubrica  ","de",81
"82","Kickxia elatine (Echtes Tännelkraut, Spießblättrige Tännelkraut)","echtes tännelkraut, spießblättrige tännelkraut","Kickxia elatine ","de",82
"83","Laburnum (Goldregen)","goldregen","Laburnum ","de",83
"84","Lemna minor (Kleine Wasserlinse)","kleine wasserlinse","Lemna minor ","de",84
"85","Lonicera xylosteum (Rote Heckenkirsche)","rote heckenkirsche","Lonicera xylosteum ","de",85
"86","Mahonia aquifolium (Gewöhnliche Mahonie)","gewöhnliche mahonie","Mahonia aquifolium ","de",86
"87","Medicago sativa (Luzerne)","luzerne","Medicago sativa ","de",87
"88","Minuartia cherlerioides (Mannsschild-Miere)","mannsschild-miere","Minuartia cherlerioides ","de",88
"89","Musa (Bananen)","bananen","Musa ","de",89
"90","Najas flexilis (Biegsames Nixenkraut)","biegsames nixenkraut","Najas flexilis ","de",90
"91","Odontites luteus (Gelber Zahntrost)","gelber zahntrost","Odontites luteus ","de",91
"92","Panicum miliaceum (Echte Hirse)","echte hirse","Panicum miliaceum ","de",92
"93","Pennisetum glaucum (Perlhirse)","perlhirse","Pennisetum glaucum ","de",93
"94","Phoenix canariensis (Kanarische Dattelpalme)","kanarische dattelpalme","Phoenix canariensis ","de",94
"95","Platanthera (Waldhyazinthen)","waldhyazinthen","Platanthera ","de",95
"96","Polemonium (Jakobsleitern)","jakobsleitern","Polemonium ","de",96
"97","Primula daonensis (Inntaler Primel)","inntaler primel","Primula daonensis ","de",97
"98","Pulicaria vulgaris (Kleines Flohkraut)","kleines flohkraut","Pulicaria vulgaris ","de",98
"99","Quiabentia verticillata (sp: Quiabento, pt: Achuma)","sp: quiabento, pt: achuma","Quiabentia verticillata ","de",99
"100","Raphanus (Rettiche)","rettiche","Raphanus ","de",100
"101","Sagina nodosa (Knotiges Mastkraut)","knotiges mastkraut","Sagina nodosa ","de",101
"102","Schinus molle (Peruanischer Pfefferbaum)","peruanischer pfefferbaum","Schinus molle ","de",102
"103","Sechium edule (Chayote)","chayote","Sechium edule ","de",103
"104","Silaum silaus (Gewöhnliche Wiesensilge)","gewöhnliche wiesensilge","Silaum silaus ","de",104
"105","Solanum (Nachtschatten)","nachtschatten","Solanum ","de",105
"106","Spergula arvensis (Acker-Spark)","acker-spark","Spergula arvensis ","de",106
"107","Stellaria aquatica (Gemeiner Wasserdarm, Wassermiere)","gemeiner wasserdarm, wassermiere","Stellaria aquatica ","de",107
"108","Symphoricarpos albus (Gewöhnliche Schneebeere)","gewöhnliche schneebeere","Symphoricarpos albus ","de",108
"109","Tanacetum (Wucherblumen)","wucherblumen","Tanacetum ","de",109
"110","Urtica (Brennnessel)","brennnessel","Urtica ","de",110
"111","Vahlodea atropurpurea (en: Mountain Hairgras)","mountain hairgras","Vahlodea atropurpurea ","en",111
"112","Zea mays var. saccharata (Zuckermais)","zuckermais","Zea mays var. saccharata ","de",112
"113","Abies (Tannen)","tannen","Abies ","de",113
"114","Aegopodium podagraria (Gewöhnlicher Giersch)","gewöhnlicher giersch","Aegopodium podagraria ","de",114
"115","Ambrosia (Traubenkräuter)","traubenkräuter","Ambrosia ","de",115
"116","Aphyllanthes monspeliensis (Binsenlilie)","binsenlilie","Aphyllanthes monspeliensis ","de",116
"117","Asparagus officinalis (Gemüse-Spargel)","gemüse-spargel","Asparagus officinalis ","de",117
"118","Bactris gasipaes (Pfirsichpalme)","pfirsichpalme","Bactris gasipaes ","de",118
"119","Begonia socotrana (Weihnachts-Begonie, Advents-Begonie)","weihnachts-begonie, advents-begonie","Begonia socotrana ","de",119
"120","Biscutella valentina (sp: Hierba de los anteojos)","sp: hierba de los anteojos","Biscutella valentina ","de",120
"121","Boltonia asteroides (False Aster)","false aster","Boltonia asteroides ","de",121
"122","Calamovilfa longifolia (en: Sand Reed Grass)","sand reed grass","Calamovilfa longifolia ","en",122
"123","Centaurea benedicta (Benediktenkraut)","benediktenkraut","Centaurea benedicta ","de",123
"124","Chamaespartium sagittale (Gewöhnlicher Flügelginster, Ramsele)","gewöhnlicher flügelginster, ramsele","Chamaespartium sagittale ","de",124
"125","Cichorium (Wegwarten)","wegwarten","Cichorium ","de",125
"126","Claytonia perfoliata (Gewöhnliches Tellerkraut)","gewöhnliches tellerkraut","Claytonia perfoliata ","de",126
"127","Coeloglossum viride (Grüne Hohlzunge)","grüne hohlzunge","Coeloglossum viride ","de",127
"128","Crepis biennis (Wiesen-Pippau)","wiesen-pippau","Crepis biennis ","de",128
"129","Cuminum cyminum L. (Kreuzkümmel, Römischer Kümmel)","kreuzkümmel, römischer kümmel","Cuminum cyminum L. ","de",129
"130","Cymbopogon citratus (Zitronengras)","zitronengras","Cymbopogon citratus ","de",130
"131","Datura stramonium (Gemeiner Stechapfel)","gemeiner stechapfel","Datura stramonium ","de",131
"132","Echinops ritro (Ruthenische Kugeldistel)","ruthenische kugeldistel","Echinops ritro ","de",132
"133","Falcaria vulgaris (Gemeine Sichelmöhre)","gemeine sichelmöhre","Falcaria vulgaris ","de",133
"134","Galearis rotundifolia (en: Small Round-leaved Orchid)","small round-leaved orchid","Galearis rotundifolia ","en",134
"135","Hedera helix (Efeu)","efeu","Hedera helix ","de",135
"136","Impatiens (Springkräuter)","springkräuter","Impatiens ","de",136
"137","Jacobaea vulgaris (Jakobskreuzkraut)","jakobskreuzkraut","Jacobaea vulgaris ","de",137
"138","Kickxia spuria (Eiblättriges Tännelkraut)","eiblättriges tännelkraut","Kickxia spuria ","de",138
"139","Lactuca (Lattiche)","lattiche","Lactuca ","de",139
"140","Lemna trisulca (Dreifurchige Wasserlinse)","dreifurchige wasserlinse","Lemna trisulca ","de",140
"141","Lotus corniculatus (Gewöhnlicher Hornklee)","gewöhnlicher hornklee","Lotus corniculatus ","de",141
"142","Malaxis monophyllos (Einblatt)","einblatt","Malaxis monophyllos ","de",142
"143","Melampyrum arvense (Acker-Wachtelweizen)","acker-wachtelweizen","Melampyrum arvense ","de",143
"144","Mirabilis jalapa (Wunderblume)","wunderblume","Mirabilis jalapa ","de",144
"145","Muscari (Traubenhyazinthen)","traubenhyazinthen","Muscari ","de",145
"146","Nasturtium officinale (Brunnenkresse)","brunnenkresse","Nasturtium officinale ","de",146
"147","Odontites vulgaris (Roter Zahntrost)","roter zahntrost","Odontites vulgaris ","de",147
"148","Papaver rhoeas (Klatschmohn)","klatschmohn","Papaver rhoeas ","de",148
"149","Penstemon (Bartfaden)","bartfaden","Penstemon ","de",149
"150","Phoenix dactylifera (Echte Dattelpalme)","echte dattelpalme","Phoenix dactylifera ","de",150
"151","Platanus occidentalis (Amerikanische Platane)","amerikanische platane","Platanus occidentalis ","de",151
"152","Polygala (Kreuzblumen)","kreuzblumen","Polygala ","de",152
"153","Prunella grandiflora (Großblütige Braunelle)","großblütige braunelle","Prunella grandiflora ","de",153
"154","Pulmonaria helvetica (Schweizerisches Lungenkraut)","schweizerisches lungenkraut","Pulmonaria helvetica ","de",154
"155","Quercus (Eichen)","eichen","Quercus ","de",155
"156","Rapistrum perenne (Stauden-Rapsdotter)","stauden-rapsdotter","Rapistrum perenne ","de",156
"157","Salix (Weiden)","weiden","Salix ","de",157
"158","Schinus terebinthifolius (Brasilianischer Pfefferbaum)","brasilianischer pfefferbaum","Schinus terebinthifolius ","de",158
"159","Sedum rubens (Rötliche Fetthenne, Rötlicher Mauerpfeffer)","rötliche fetthenne, rötlicher mauerpfeffer","Sedum rubens ","de",159
"160","Silene (Leimkräuter)","leimkräuter","Silene ","de",160
"161","Solidago canadensis (Kanadische Goldrute)","kanadische goldrute","Solidago canadensis ","de",161
"162","Spergularia rubra (Rote Schuppenmiere)","rote schuppenmiere","Spergularia rubra ","de",162
"163","Stellaria media (Gewöhnliche Vogelmiere)","gewöhnliche vogelmiere","Stellaria media ","de",163
"164","Symphyotrichum novi-belgii (L.) G.L.Nesom (Glattblatt-Aster)","l. g.l.nesom ","Symphyotrichum novi-belgii ","de",164
"165","Taraxacum officinale aggr. (Gewöhnlicher Löwenzahn)","gewöhnlicher löwenzahn","Taraxacum officinale aggr. ","de",165
"166","Utricularia vulgaris (Gemeiner Wasserschlauch)","gemeiner wasserschlauch","Utricularia vulgaris ","de",166
"167","Valeriana officinalis (Baldrian)","baldrian","Valeriana officinalis ","de",167
"168","Zingiber officinale (Ingwer)","ingwer","Zingiber officinale ","de",168
"169","Abronia umbellata (engl. Pink sand verbena)","engl. pink sand verbena","Abronia umbellata ","de",169
"170","Aeonium spathulatum","aeonium spathulatum","Aeonium spathulatum","de",170
"171","Amelanchier lamarckii (Kupfer-Felsenbirne)","kupfer-felsenbirne","Amelanchier lamarckii ","de",171
"172","Aplectrum hyemale (en: Putty-root)","putty-root","Aplectrum hyemale ","en",172
"173","Asphodelus fistulosus (Röhriger Affodil)","röhriger affodil","Asphodelus fistulosus ","de",173
"174","Baileya multiradiata (en: Desert marigold)","desert marigold","Baileya multiradiata ","en",174
"175","Bellis (Gänseblümchen)","gänseblümchen","Bellis ","de",175
"176","Bistorta officinalis (Schlangen-Knöterich)","schlangen-knöterich","Bistorta officinalis ","de",176
"177","Bombax ceiba (Asiatischer Kapok)","asiatischer kapok","Bombax ceiba ","de",177
"178","Calandrinia (Bergminzen)","bergminzen","Calandrinia ","de",178
"179","Centaurea cyanus (Kornblume)","kornblume","Centaurea cyanus ","de",179
"180","Chamomilla suaveolens (Strahlenlose Kamille)","strahlenlose kamille","Chamomilla suaveolens ","de",180
"181","Cimicifuga europaea (Stinkendes Wanzenkraut)","stinkendes wanzenkraut","Cimicifuga europaea ","de",181
"182","Clematis vitalba (Weiße Waldrebe)","weiße waldrebe","Clematis vitalba ","de",182
"183","Coffea arabica (Arabica-Kaffee, Kaffeestrauch)","arabica-kaffee, kaffeestrauch","Coffea arabica ","de",183
"184","Crepis foetida (Stinkender Pippau)","stinkender pippau","Crepis foetida ","de",184
"185","Curcuma longa (Kurkuma)","kurkuma","Curcuma longa ","de",185
"186","Cynara (Artischocken)","artischocken","Cynara ","de",186
"187","Daucus carota (Möhre)","möhre","Daucus carota ","de",187
"188","Echium vulgare (Gewöhnlicher Natternkopf, Blauer Natterkopf)","gewöhnlicher natternkopf, blauer natterkopf","Echium vulgare ","de",188
"189","Fallopia baldschuanica (Schlingknöterich)","schlingknöterich","Fallopia baldschuanica ","de",189
"190","Galeopsis tetrahit (Gewöhnlicher Hohlzahn)","gewöhnlicher hohlzahn","Galeopsis tetrahit ","de",190
"191","Helianthemum (Sonnenröschen)","sonnenröschen","Helianthemum ","de",191
"192","Inga (Mimosengewächse)","mimosengewächse","Inga ","de",192
"193","Jasione laevis (Ausdauerndes Sandglöckchen)","ausdauerndes sandglöckchen","Jasione laevis ","de",193
"194","Knautia (Witwenblumen)","witwenblumen","Knautia ","de",194
"195","Lagarosiphon major (Wechselblatt-Wasserpest)","wechselblatt-wasserpest","Lagarosiphon major ","de",195
"196","Lens culinaris (Linse)","linse","Lens culinaris ","de",196
"197","Lotus tetragonolobus (Rote Spargelerbse oder Spargelbohne)","rote spargelerbse oder spargelbohne","Lotus tetragonolobus ","de",197
"198","Malpighia glabra (Acerola)","acerola","Malpighia glabra ","de",198
"199","Melampyrum nemorosum (Hain-Wachtelweizen)","hain-wachtelweizen","Melampyrum nemorosum ","de",199
"200","Molinia arundinacea (Rohr-Pfeifengras)","rohr-pfeifengras","Molinia arundinacea ","de",200
"201","Mycelis muralis (Gewöhnlicher Mauerlattich)","gewöhnlicher mauerlattich","Mycelis muralis ","de",201
"202","Neotinea ustulata","neotinea ustulata","Neotinea ustulata","de",202
"203","Oenanthe fistulosa (Röhriger Wasserfenchel)","röhriger wasserfenchel","Oenanthe fistulosa ","de",203
"204","Paraceterach marantae (Pelzfarn)","pelzfarn","Paraceterach marantae ","de",204
"205","Persea","persea","Persea","de",205
"206","Phymaspermum acerosa (af: Geelblombos)","af: geelblombos","Phymaspermum acerosa ","de",206
"207","Platycladus orientalis (Morgenländischer Lebensbaum)","morgenländischer lebensbaum","Platycladus orientalis ","de",207
"208","Polygonatum multiflorum (Vielblütige Weißwurz)","vielblütige weißwurz","Polygonatum multiflorum ","de",208
"209","Prunella vulgaris (Gewöhnliche Braunelle)","gewöhnliche braunelle","Prunella vulgaris ","de",209
"210","Pulmonaria officinalis (Geflecktes Lungenkraut, Echtes Lungenkraut, Hänsel und Gretel)","geflecktes lungenkraut, echtes lungenkraut, hänsel und gretel","Pulmonaria officinalis ","de",210
"211","Quillaja brasiliensis (pt: Sabão-de-soldado)","pt: sabão-de-soldado","Quillaja brasiliensis ","de",211
"212","Reseda (Reseden)","reseden","Reseda ","de",212
"213","Salvia (Salbei)","salbei","Salvia ","de",213
"214","Scorzonera hispanica (Garten-Schwarzwurzel)","garten-schwarzwurzel","Scorzonera hispanica ","de",214
"215","Sempervivum tectorum (Dach-Hauswurz, Echte Hauswurz)","dach-hauswurz, echte hauswurz","Sempervivum tectorum ","de",215
"216","Silybum marianum (Mariendistel)","mariendistel","Silybum marianum ","de",216
"217","Sonchus oleraceus (Gemüse-Gänsedistel)","gemüse-gänsedistel","Sonchus oleraceus ","de",217
"218","Spinacia oleracea (Spinat, Gemüsespinat)","spinat, gemüsespinat","Spinacia oleracea ","de",218
"219","Stratiotes aloides (Krebsschere)","krebsschere","Stratiotes aloides ","de",219
"220","Symphytum officinale (Beinwell)","beinwell","Symphytum officinale ","de",220
"221","Taxus baccata (Europäische Eibe)","europäische eibe","Taxus baccata ","de",221
"222","Valerianella (Feldsalat)","feldsalat","Valerianella ","de",222
"223","Zizania (Wasserreis)","wasserreis","Zizania ","de",223
"224","Abutilon (Schönmalven)","schönmalven","Abutilon ","de",224
"225","Aeonium urbicum","aeonium urbicum","Aeonium urbicum","de",225
"226","Amerorchis rotundifolia (en: Small Round-leaved Orchid)","small round-leaved orchid","Amerorchis rotundifolia ","en",226
"227","Apocynum androsaemifolium (en: Spreading Dogbane)","spreading dogbane","Apocynum androsaemifolium ","en",227
"228","Asplenium (Streifenfarne)","streifenfarne","Asplenium ","de",228
"229","Baldellia ranunculoides (Gewöhnlicher Igelschlauch)","gewöhnlicher igelschlauch","Baldellia ranunculoides ","de",229
"230","Benincasa hispida (Wachskürbis)","wachskürbis","Benincasa hispida ","de",230
"231","Bistorta vivipara (Knöllchen-Knöterich)","knöllchen-knöterich","Bistorta vivipara ","de",231
"232","Borago officinalis (Borretsch)","borretsch","Borago officinalis ","de",232
"233","Calandrinia ciliata (en: Fringed Redmaids)","fringed redmaids","Calandrinia ciliata ","en",233
"234","Centaurea jacea (Wiesen-Flockenblume)","wiesen-flockenblume","Centaurea jacea ","de",234
"235","Chamorchis alpina (Zwergorchis)","zwergorchis","Chamorchis alpina ","de",235
"236","Cimicifuga racemosa L. (Trauben-Silberkerze)","trauben-silberkerze","Cimicifuga racemosa L. ","de",236
"237","Cleome gynandra (en: African spider-flower, pt: Musambe)","african spider-flower, pt: musambe","Cleome gynandra ","en",237
"238","Coix lacryma-jobi L. (Hiobsträne)","hiobsträne","Coix lacryma-jobi L. ","de",238
"239","Crepis tectorum (Dach-Pippau)","dach-pippau","Crepis tectorum ","de",239
"240","Cuscuta europaea ssp. europaea (Gewöhnliche Nessel-Seide)","gewöhnliche nessel-seide","Cuscuta europaea ssp. europaea ","de",240
"241","Cyperus esculentus (Erdmandel)","erdmandel","Cyperus esculentus ","de",241
"242","Deschampsia atropurpurea (en: Mountain Hairgras)","mountain hairgras","Deschampsia atropurpurea ","en",242
"243","Elaeis guineensi (Afrikanische Ölpalme)","afrikanische ölpalme","Elaeis guineensi ","de",243
"244","Fallopia japonica (Japanischer Staudenknöterich)","japanischer staudenknöterich","Fallopia japonica ","de",244
"245","Galinsoga ciliata (Behaartes Knopfkraut)","behaartes knopfkraut","Galinsoga ciliata ","de",245
"246","Helianthus tuberosus (Topinambur)","topinambur","Helianthus tuberosus ","de",246
"247","Inula (Alante)","alante","Inula ","de",247
"248","Jasione montana (Berg-Sandglöckchen)","berg-sandglöckchen","Jasione montana ","de",248
"249","Kobresia simpliciuscula (Zweiteilige Schuppensegge)","zweiteilige schuppensegge","Kobresia simpliciuscula ","de",249
"250","Lagenaria siceraria (Flaschenkürbis)","flaschenkürbis","Lagenaria siceraria ","de",250
"251","Leontodon autumnalis","leontodon autumnalis","Leontodon autumnalis","de",251
"252","Luffa cylindrica (Schwammkürbis)","schwammkürbis","Luffa cylindrica ","de",252
"253","Malus domestica (Kulturapfel)","kulturapfel","Malus domestica ","de",253
"254","Melampyrum pratense (Wiesen-Wachtelweizen)","wiesen-wachtelweizen","Melampyrum pratense ","de",254
"255","Momordica charantia (Bittermelone)","bittermelone","Momordica charantia ","de",255
"256","Myosotis (Vergissmeinnicht)","vergissmeinnicht","Myosotis ","de",256
"257","Neottia nidus-avis (Nestwurz)","nestwurz","Neottia nidus-avis ","de",257
"258","Oenothera (Nachtkerzen)","nachtkerzen","Oenothera ","de",258
"259","Parkia biglobosa (Néré)","néré","Parkia biglobosa ","de",259
"260","Persicaria hydropiper (Wasserpfeffer)","wasserpfeffer","Persicaria hydropiper ","de",260
"261","Physalis peruviana (Kapstachelbeere)","kapstachelbeere","Physalis peruviana ","de",261
"262","Plinia cauliflora (Baumstammkirsche)","baumstammkirsche","Plinia cauliflora ","de",262
"263","Polygonatum odoratum (Echtes Salomonssiegel)","echtes salomonssiegel","Polygonatum odoratum ","de",263
"264","Prunus (Amygdaleae - Steinobstgewächse)","amygdaleae - steinobstgewächse","Prunus ","de",264
"265","Pulsatilla vulgaris (Gewöhnliche Kuhschelle)","gewöhnliche kuhschelle","Pulsatilla vulgaris ","de",265
"266","Quillaja saponaria (Seifenrindenbaum, Panamarinde)","seifenrindenbaum, panamarinde","Quillaja saponaria ","de",266
"267","Reynoutria japonica (Japanischer Staudenknöterich)","japanischer staudenknöterich","Reynoutria japonica ","de",267
"268","Salvinia molesta (en: Giant salvinia)","giant salvinia","Salvinia molesta ","en",268
"269","Scorzonera laciniata (Schlitzblättrige Schwarzwurzel)","schlitzblättrige schwarzwurzel","Scorzonera laciniata ","de",269
"270","Senecio (Greiskräuter)","greiskräuter","Senecio ","de",270
"271","Sinapis alba (Weißer Senf)","weißer senf","Sinapis alba ","de",271
"272","Sorbus (Mehlbeeren)","mehlbeeren","Sorbus ","de",272
"273","Spiranthes aestivalis (Sommer-Wendelähre)","sommer-wendelähre","Spiranthes aestivalis ","de",273
"274","Strychnos ignatii (Ignatiusbohne)","ignatiusbohne","Strychnos ignatii ","de",274
"275","Synsepalum dulcificum (Wunderbeere)","wunderbeere","Synsepalum dulcificum ","de",275
"276","Telfairia","telfairia","Telfairia","de",276
"278","Vanilla planifolia (Echte Vanille, Gewürzvanille)","echte vanille, gewürzvanille","Vanilla planifolia ","de",277
"279","Ziziphus","ziziphus","Ziziphus","de",278
"280","Acacia (Akazien)","akazien","Acacia ","de",279
"281","Aesculus (Rosskastanien)","rosskastanien","Aesculus ","de",280
"282","Ammannia coccinea (en: Valley Redstem)","valley redstem","Ammannia coccinea ","en",281
"283","Apocynum cannabinum (en: Indian Hemp)","indian hemp","Apocynum cannabinum ","en",282
"284","Aster (Astern)","astern","Aster ","de",283
"285","Banksia blechnifolia","banksia blechnifolia","Banksia blechnifolia","de",284
"286","Berberis (Beberitzen)","beberitzen","Berberis ","de",285
"287","Bixa orellana (Orleansbaum)","orleansbaum","Bixa orellana ","de",286
"288","Borassus flabellifer (Palmyrapalme)","palmyrapalme","Borassus flabellifer ","de",287
"289","Calandrinia grandiflora (en: Rock Purslane)","rock purslane","Calandrinia grandiflora ","en",288
"290","Centaurea montana (Berg-Flockenblume)","berg-flockenblume","Centaurea montana ","de",289
"291","Carthamus tinctorius (pt: Cártamo)","pt: cártamo","Carthamus tinctorius ","de",290
"292","Cinchona (Chinarindenbaum)","chinarindenbaum","Cinchona ","de",291
"293","Climacium dendroides (Bäumchenmoos)","bäumchenmoos","Climacium dendroides ","de",292
"294","Colchicum autumnale (Herbstzeitlose)","herbstzeitlose","Colchicum autumnale ","de",293
"295","Crescentia cujete (Kalebassenbaum)","kalebassenbaum","Crescentia cujete ","de",294
"296","Cypripedium calceolus (Gelber Frauenschuh)","gelber frauenschuh","Cypripedium calceolus ","de",295
"297","Deschampsia flexuosa (Drahtschmiele)","drahtschmiele","Deschampsia flexuosa ","de",296
"298","Elettaria cardamomum (Kardamom)","kardamom","Elettaria cardamomum ","de",297
"299","Fallopia multiflora (Vielblütiger Knöterich)","vielblütiger knöterich","Fallopia multiflora ","de",298
"300","Galium (Labkräuter)","labkräuter","Galium ","de",299
"301","Helichrysum italicum (Currykraut, Italienische Strohblume)","currykraut, italienische strohblume","Helichrysum italicum ","de",300
"302","Ipomoea (Prunkwinden)","prunkwinden","Ipomoea ","de",301
"303","Juglans (Walnüsse)","walnüsse","Juglans ","de",302
"304","Koeleria (Schillergräser)","schillergräser","Koeleria ","de",303
"305","Lagurus ovatus (Samtgras)","samtgras","Lagurus ovatus ","de",304
"306","Lepidium (Kressen)","kressen","Lepidium ","de",305
"307","Lunaria rediviva (Ausdauerndes Silberblatt)","ausdauerndes silberblatt","Lunaria rediviva ","de",306
"308","Malus sylvestris (Holz-Apfel, Wild-Apfel)","holz-apfel, wild-apfel","Malus sylvestris ","de",307
"309","Melilotus (Steinklee)","steinklee","Melilotus ","de",308
"310","Monstera deliciosa (Köstliches Fensterblatt)","köstliches fensterblatt","Monstera deliciosa ","de",309
"311","Myrciaria cauliflora (Baumstammkirsche)","baumstammkirsche","Myrciaria cauliflora ","de",310
"312","Neottia ovata (Großes Zweiblatt)","großes zweiblatt","Neottia ovata ","de",311
"313","Olea europaea (Olivenbaum)","olivenbaum","Olea europaea ","de",312
"314","Parthenocissus vitacea (Gewöhnliche Jungfernrebe)","gewöhnliche jungfernrebe","Parthenocissus vitacea ","de",313
"315","Petasites hybridus (Gewöhnliche Pestwurz)","gewöhnliche pestwurz","Petasites hybridus ","de",314
"316","Physalis philadelphica (Tomatillo)","tomatillo","Physalis philadelphica ","de",315
"317","Polygonum (Vogelknöteriche)","vogelknöteriche","Polygonum ","de",316
"318","Pseudorchis albida (Weisszunge)","weisszunge","Pseudorchis albida ","de",317
"319","Punica granatum (Granatapfel)","granatapfel","Punica granatum ","de",318
"320","Rhamnus (Kreuzdorn)","kreuzdorn","Rhamnus ","de",319
"321","Sambucus (Holunder)","holunder","Sambucus ","de",320
"322","Scrophularia umbrosa (Geflügelte Braunwurz)","geflügelte braunwurz","Scrophularia umbrosa ","de",321
"323","Senna (Sennapflanzen)","sennapflanzen","Senna ","de",322
"324","Sisymbrium officinale (Weg-Rauke, Echte Rauke)","weg-rauke, echte rauke","Sisymbrium officinale ","de",323
"325","Sorghum bicolor (Mohrenhirse, Sorgho)","mohrenhirse, sorgho","Sorghum bicolor ","de",324
"326","Spiranthes spiralis (Herbst-Wendelähre)","herbst-wendelähre","Spiranthes spiralis ","de",325
"327","Strychnos nux-vomica (Brechnuss)","brechnuss","Strychnos nux-vomica ","de",326
"328","Syringa vulgaris (Gemeiner Flieder)","gemeiner flieder","Syringa vulgaris ","de",327
"329","Terminalia (Myrobalanen)","myrobalanen","Terminalia ","de",328
"331","Veratrum album (Weißer Germer)","weißer germer","Veratrum album ","de",329
"332","Acalypha (Katzenschwanz, Nesselblatt)","katzenschwanz, nesselblatt","Acalypha ","de",330
"333","Aethusa cynapium (Hundspetersilie)","hundspetersilie","Aethusa cynapium ","de",331
"334","Ammi visnaga (Bischofskraut)","bischofskraut","Ammi visnaga ","de",332
"335","Apocynum sibiricum (en: Clasping Dogbane)","clasping dogbane","Apocynum sibiricum ","en",333
"336","Astilbe chinensis pumila (Teppich-Astilbe)","teppich-astilbe","Astilbe chinensis pumila ","de",334
"337","Banksia solandri (Stirling Range Banksia)","stirling range banksia","Banksia solandri ","de",335
"338","Berkheya purpurea (Südafrikanische Purpur Distel)","südafrikanische purpur distel","Berkheya purpurea ","de",336
"339","Blackstonia perfoliata (Durchwachsenblättriger Bitterling)","durchwachsenblättriger bitterling","Blackstonia perfoliata ","de",337
"340","Boronia crenulata","boronia crenulata","Boronia crenulata","de",338
"341","Calceolaria salicifolia","calceolaria salicifolia","Calceolaria salicifolia","de",339
"342","Centaurea scabiosa (Skabiosen-Flockenblume)","skabiosen-flockenblume","Centaurea scabiosa ","de",340
"343","Cheiranthus cheiri (Goldlack)","goldlack","Cheiranthus cheiri ","de",341
"344","Cinnamomum camphora (Campherbaum)","campherbaum","Cinnamomum camphora ","de",342
"345","Clinopodium vulgare (Gemeine Kölme, Gewöhnlicher Wirbeldost)","gemeine kölme, gewöhnlicher wirbeldost","Clinopodium vulgare ","de",343
"346","Colchicum vernum (Frühlingslichtblume)","frühlingslichtblume","Colchicum vernum ","de",344
"347","Crocus (Krokus)","krokus","Crocus ","de",345
"349","Cytisus multiflorus (Vielblütiger Geißklee)","vielblütiger geißklee","Cytisus multiflorus ","de",346
"350","Deutzia rosea (Niedriger Maiblumenstrauch)","niedriger maiblumenstrauch","Deutzia rosea ","de",347
"351","Eleusine coracana (Fingerhirse)","fingerhirse","Eleusine coracana ","de",348
"352","Feijoa sellowiana","feijoa sellowiana","Feijoa sellowiana","de",349
"353","Garcinia mangostana (Mangostane)","mangostane","Garcinia mangostana ","de",350
"354","Helleborus foetidus (Stinkende Nieswurz)","stinkende nieswurz","Helleborus foetidus ","de",351
"355","Iris (Schwertlilien)","schwertlilien","Iris ","de",352
"356","Juniperus (Wacholder)","wacholder","Juniperus ","de",353
"357","Koelreuteria paniculata (Blasenesche)","blasenesche","Koelreuteria paniculata ","de",354
"358","Lamium (Taubnesseln)","taubnesseln","Lamium ","de",355
"359","Leucanthemum vulgare (Wiesen-Margerite)","wiesen-margerite","Leucanthemum vulgare ","de",356
"360","Lupinus albus (Weiße Lupine)","weiße lupine","Lupinus albus ","de",357
"361","Malva (Malven)","malven","Malva ","de",358
"362","Melittis melissophyllum (Immenblatt)","immenblatt","Melittis melissophyllum ","de",359
"363","Morinda citrifolia (Nonibaum, Indische Maulbeere)","nonibaum, indische maulbeere","Morinda citrifolia ","de",360
"364","Myristica fragrans (Muskatnussbaum)","muskatnussbaum","Myristica fragrans ","de",361
"365","Nephelium lappaceum (Rambutan)","rambutan","Nephelium lappaceum ","de",362
"366","Onobrychis viciifolia (Saat-Esparsette)","saat-esparsette","Onobrychis viciifolia ","de",363
"367","Passiflora (Passionsblumen)","passionsblumen","Passiflora ","de",364
"368","Petroselinum crispum (Petersilie)","petersilie","Petroselinum crispum ","de",365
"369","Phyteuma humile (Niedrige Teufelskralle)","niedrige teufelskralle","Phyteuma humile ","de",366
"371","Populus (Pappeln)","pappeln","Populus ","de",367
"372","Pseudotsuga menziesii (Gewöhnliche Douglasie)","gewöhnliche douglasie","Pseudotsuga menziesii ","de",368
"373","Pyrus (Birnen)","birnen","Pyrus ","de",369
"375","Rheum rhabarbarum (Rhabarber)","rhabarber","Rheum rhabarbarum ","de",370
"376","Sanguisorba (Wiesenknopf)","wiesenknopf","Sanguisorba ","de",371
"377","Scutellaria galericulata (Sumpf-Helmkraut)","sumpf-helmkraut","Scutellaria galericulata ","de",372
"378","Serapias vomeracea (Pflugschar-Zungenstendel)","pflugschar-zungenstendel","Serapias vomeracea ","de",373
"379","Sisymbrium supinum (Niederliegende Rauke)","niederliegende rauke","Sisymbrium supinum ","de",374
"380","Spondias purpurea (Rote Mombinpflaume, Jocote)","rote mombinpflaume, jocote","Spondias purpurea ","de",375
"381","Syzygium ","syzygium ","Syzygium ","de",376
"382","Tetragonia tetragonoides (Neuseeländer Spinat)","neuseeländer spinat","Tetragonia tetragonoides ","de",377
"384","Verbascum densiflorum (Großblütige Königskerze)","großblütige königskerze","Verbascum densiflorum ","de",378
"386","Acanthomintha ilicifolia (en: San Diego thornmint)","san diego thornmint","Acanthomintha ilicifolia ","en",379
"387","Aframomum corrorima (Äthiopischer Kardamon)","äthiopischer kardamon","Aframomum corrorima ","de",380
"388","Amomum subulatum (Schwarzer Kardamon)","schwarzer kardamon","Amomum subulatum ","de",381
"389","Aposeris foetida (Hainsalat)","hainsalat","Aposeris foetida ","de",382
"390","Astilbe chinensis taquetii (Lanzen-Astilbe)","lanzen-astilbe","Astilbe chinensis taquetii ","de",383
"391","Baptisia australis (Indigo-Lupine)","indigo-lupine","Baptisia australis ","de",384
"392","Berteroa (Graukressen)","graukressen","Berteroa ","de",385
"393","Blechnum spicant (Rippenfarn)","rippenfarn","Blechnum spicant ","de",386
"394","Botrychium lunaria (Echte Mondraute)","echte mondraute","Botrychium lunaria ","de",387
"395","Calendula officinalis (Ringelblume)","ringelblume","Calendula officinalis ","de",388
"396","Centaurea stoebe (Rispen-Flockenblume)","rispen-flockenblume","Centaurea stoebe ","de",389
"397","Chelidonium majus (Großes Schöllkraut)","großes schöllkraut","Chelidonium majus ","de",390
"398","Cinnamomum verum (Echter Zimtbaum)","echter zimtbaum","Cinnamomum verum ","de",391
"399","Cnicus benedictus (Benediktenkraut)","benediktenkraut","Cnicus benedictus ","de",392
"400","Colocasia esculenta (pt: Matabala)","pt: matabala","Colocasia esculenta ","de",393
"401","Cruciata laevipes (Gewöhnliches Kreuz-Labkraut)","gewöhnliches kreuz-labkraut","Cruciata laevipes ","de",394
"403","Cytisus scoparius (Besenginster)","besenginster","Cytisus scoparius ","de",395
"404","Dianthus (Nelken)","nelken","Dianthus ","de",396
"405","Elymus repens (Gewöhnliche Quecke)","gewöhnliche quecke","Elymus repens ","de",397
"406","Ficus carica (Echte Feige)","echte feige","Ficus carica ","de",398
"407","Genista (Ginster)","ginster","Genista ","de",399
"408","Helleborus niger (Schwarze Nieswurz)","schwarze nieswurz","Helleborus niger ","de",400
"409","Isatis tinctoria (Färberwaid, Deutscher Indigo)","färberwaid, deutscher indigo","Isatis tinctoria ","de",401
"410","Juncus (Binsen oder Simsen)","binsen oder simsen","Juncus ","de",402
"411","Lappula deflexa (Waldigelsame)","waldigelsame","Lappula deflexa ","de",403
"412","Leucojum aestivum (Spätblühende Knotenblume)","spätblühende knotenblume","Leucojum aestivum ","de",404
"413","Luzula campestris (Feld-Hainsimse)","feld-hainsimse","Luzula campestris ","de",405
"414","Mammea americana (Mammiapfel)","mammiapfel","Mammea americana ","de",406
"415","Melissa officinalis (Melisse)","melisse","Melissa officinalis ","de",407
"416","Moringa oleifera (Meerrettichbaum, Wunderbaum)","meerrettichbaum, wunderbaum","Moringa oleifera ","de",408
"417","Myrrhis odorata (Süßdolde)","süßdolde","Myrrhis odorata ","de",409
"418","Nicotiana (Tabak)","tabak","Nicotiana ","de",410
"419","Ononis repens (Kriechende Hauhechel)","kriechende hauhechel","Ononis repens ","de",411
"420","Pastinaca sativa (Pastinake)","pastinake","Pastinaca sativa ","de",412
"421","Petrorhagia prolifera (Sprossende Felsennelke)","sprossende felsennelke","Petrorhagia prolifera ","de",413
"422","Picea (Fichten)","fichten","Picea ","de",414
"424","Portulaca oleracea (Portulak)","portulak","Portulaca oleracea ","de",415
"425","Psidium guajava (Echte Guave)","echte guave","Psidium guajava ","de",416
"427","Rhinanthus alectorolophus (Zottiger Klappertopf)","zottiger klappertopf","Rhinanthus alectorolophus ","de",417
"428","Sanicula europaea (Wald-Sanikel)","wald-sanikel","Sanicula europaea ","de",418
"429","Sesamum indicum (Sesam)","sesam","Sesamum indicum ","de",419
"430","Sium latifolium (Großer Merk, Breitblättriger Merk)","großer merk, breitblättriger merk","Sium latifolium ","de",420
"433","Tetragonolobus purpureus (Rote Spargelerbse oder Spargelbohne)","rote spargelerbse oder spargelbohne","Tetragonolobus purpureus ","de",421
"434","Verbena officinalis (Eisenkraut)","eisenkraut","Verbena officinalis ","de",422
"436","Acca sellowiana","acca sellowiana","Acca sellowiana","de",423
"437","Afromomum melegueta (Meleguetapfeffer)","meleguetapfeffer","Afromomum melegueta ","de",424
"438","Amorpha canescens (en: Lead Plant)","lead plant","Amorpha canescens ","en",425
"439","Aquilegia (Akeleien)","akeleien","Aquilegia ","de",426
"440","Astragalus (Tragant)","tragant","Astragalus ","de",427
"441","Baptisia bracteata (en: Plains Wild Indigo)","plains wild indigo","Baptisia bracteata ","en",428
"442","Bertholletia excelsa (Paranuss)","paranuss","Bertholletia excelsa ","de",429
"443","Blepharis edulis (L.) B.L. Burtt","l. b.l. burtt","Blepharis edulis ","de",430
"444","Botrypus virginianus (en: Rattlesnake Fern)","rattlesnake fern","Botrypus virginianus ","en",431
"445","Calla palustris (Drachenwurz)","drachenwurz","Calla palustris ","de",432
"446","Centaurea triumfetti (Filzige Flockenblume)","filzige flockenblume","Centaurea triumfetti ","de",433
"447","Chenopodium album (Weißer Gänsefuss)","weißer gänsefuss","Chenopodium album ","de",434
"448","Cistus (Zistrosen)","zistrosen","Cistus ","de",435
"449","Colutea aborescens (Blasenstrauch)","blasenstrauch","Colutea aborescens ","de",436
"451","Dibaeis baeomyces (Rosa Köpfchenflechte)","rosa köpfchenflechte","Dibaeis baeomyces ","de",437
"452","Ensete ventricosum (Zierbanane)","zierbanane","Ensete ventricosum ","de",438
"453","Filago (Filzkräuter)","filzkräuter","Filago ","de",439
"454","Gentiana (Enziane)","enziane","Gentiana ","de",440
"455","Hepatica nobilis (Leberblümchen)","leberblümchen","Hepatica nobilis ","de",441
"456","Jurinea cyanoides (Sand-Silberscharte)","sand-silberscharte","Jurinea cyanoides ","de",442
"458","Lappula squarrosa (Gewöhnlicher Igelsame)","gewöhnlicher igelsame","Lappula squarrosa ","de",443
"459","Leucojum vernum (Märzenbecher, Frühlingsknotenblume)","märzenbecher, frühlingsknotenblume","Leucojum vernum ","de",444
"460","Lycopodiella inundata (Sumpf-Bärlapp)","sumpf-bärlapp","Lycopodiella inundata ","de",445
"461","Mangifera indica (Mango)","mango","Mangifera indica ","de",446
"462","Melothria scabra (Sandiita)","sandiita","Melothria scabra ","de",447
"463","Morus (Maulbeeren)","maulbeeren","Morus ","de",448
"464","Myrtus communis (Gemeine Myrte)","gemeine myrte","Myrtus communis ","de",449
"465","Nigella arvensis (Acker-Schwarzkümmel)","acker-schwarzkümmel","Nigella arvensis ","de",450
"466","Ononis spinosa (Dornige Hauhechel)","dornige hauhechel","Ononis spinosa ","de",451
"467","Picris hieracioides (Gewöhnliches Bitterkraut)","gewöhnliches bitterkraut","Picris hieracioides ","de",452
"469","Potamogeton crispus (Krauses Laichkraut)","krauses laichkraut","Potamogeton crispus ","de",453
"470","Psophocarpus tetragonolobus (Goabohne, Flügelbohne)","goabohne, flügelbohne","Psophocarpus tetragonolobus ","de",454
"473","Rhododendron (Rhododendren)","rhododendren","Rhododendron ","de",455
"474","Sapindus saponaria (Waschnussbaum)","waschnussbaum","Sapindus saponaria ","de",456
"476","Sesbania grandiflora (Turibaum)","turibaum","Sesbania grandiflora ","de",457
"477","Sium sisarum (Zuckerwurzel)","zuckerwurzel","Sium sisarum ","de",458
"482","Teucrium scorodonia (Salbei-Gamander)","salbei-gamander","Teucrium scorodonia ","de",459
"484","Veronica (Ehrenpreis)","ehrenpreis","Veronica ","de",460
"486","Acer (Ahorne)","ahorne","Acer ","de",461
"487","Agalinis (en: False foxglove)","false foxglove","Agalinis ","en",462
"488","Amorpha fruticosa (en: False Indigo)","false indigo","Amorpha fruticosa ","en",463
"489","Arabidopsis lyrata (en: Lyre-leaved Rock Cress)","lyre-leaved rock cress","Arabidopsis lyrata ","en",464
"490","Astrantia major (Große Sterndolde)","große sterndolde","Astrantia major ","de",465
"491","Baptisia lactea (en: White Wild Indigo)","white wild indigo","Baptisia lactea ","en",466
"492","Berula erecta (Aufrechter Merk)","aufrechter merk","Berula erecta ","de",467
"493","Blephilia hirsuta (en: Hairy Woodmint)","hairy woodmint","Blephilia hirsuta ","en",468
"494","Bouteloua curtipendula (en: Side-oats Grama)","side-oats grama","Bouteloua curtipendula ","en",469
"495","Calliandra","calliandra","Calliandra","de",470
"496","Centaurium erythraea (Echtes Tausendgüldenkraut)","echtes tausendgüldenkraut","Centaurium erythraea ","de",471
"497","Chenopodium bonus-henricus (Guter Heinrich)","guter heinrich","Chenopodium bonus-henricus ","de",472
"498","Circaea lutetiana (Großes Hexenkraut)","großes hexenkraut","Circaea lutetiana ","de",473
"500","Commelina communis (Tagblume)","tagblume","Commelina communis ","de",474
"504","Dictamnus albus (Diptam)","diptam","Dictamnus albus ","de",475
"505","Epilobium (Weidenröschen)","weidenröschen","Epilobium ","de",476
"506","Filipendula ulmaria (Echtes Mädesüß)","echtes mädesüß","Filipendula ulmaria ","de",477
"507","Geranium (Storchschnabel)","storchschnabel","Geranium ","de",478
"508","Heracleum sphondylium (Wiesen-Bärenklau)","wiesen-bärenklau","Heracleum sphondylium ","de",479
"511","Lapsana communis (Gemeiner Rainkohl)","gemeiner rainkohl","Lapsana communis ","de",480
"512","Levisticum officinale (Liebstöckel, Maggikraut)","liebstöckel, maggikraut","Levisticum officinale ","de",481
"513","Lycopodium annotinum (Sprossender Bärlapp)","sprossender bärlapp","Lycopodium annotinum ","de",482
"514","Manihot esculenta (Maniok)","maniok","Manihot esculenta ","de",483
"515","Mentha (Minzen)","minzen","Mentha ","de",484
"516","Nonea pulla (Braunes Mönchskraut)","braunes mönchskraut","Nonea pulla ","de",485
"517","Opuntia ficus-indica (Feigenkaktus)","feigenkaktus","Opuntia ficus-indica ","de",486
"520","Pilularia globulifera (Gewöhnlicher Pillenfarn)","gewöhnlicher pillenfarn","Pilularia globulifera ","de",487
"522","Potentilla (Fingerkräuter)","fingerkräuter","Potentilla ","de",488
"523","Psychotria ipecacuanha (Brechwurzel)","brechwurzel","Psychotria ipecacuanha ","de",489
"526","Ribes (Johannisbeeren)","johannisbeeren","Ribes ","de",490
"527","Saponaria lutea (Gelbes Seifenkraut)","gelbes seifenkraut","Saponaria lutea ","de",491
"529","Setaria italica (Kolbenhirse)","kolbenhirse","Setaria italica ","de",492
"534","Thalictrum aquilegiifolium (Akeleiblättrige Wiesenraute)","akeleiblättrige wiesenraute","Thalictrum aquilegiifolium ","de",493
"536","Vernonia gigantea (Hohe Scheinaster)","hohe scheinaster","Vernonia gigantea ","de",494
"538","Aceras anthropophorum (Ohnsporn)","ohnsporn","Aceras anthropophorum ","de",495
"539","Agastache (Duftnesseln)","duftnesseln","Agastache ","de",496
"540","Amorpha nana (en: Fragrant False Indigo)","fragrant false indigo","Amorpha nana ","en",497
"541","Arabidopsis thaliana (en: Mouse-ear Cress)","mouse-ear cress","Arabidopsis thaliana ","en",498
"542","Astrocaryum vulgare (Awarra)","awarra","Astrocaryum vulgare ","de",499
"543","Barbarea (Barbarakräuter)","barbarakräuter","Barbarea ","de",500
"544","Besseya bullii (en: Kittentails)","kittentails","Besseya bullii ","en",501
"545","Blitum capitatum (Ähriger Erdbeerspinat)","ähriger erdbeerspinat","Blitum capitatum ","de",502
"546","Bouteloua gracilis (en: Blue Grama)","blue grama","Bouteloua gracilis ","en",503
"547","Callistemon (Zylinderputzer)","zylinderputzer","Callistemon ","de",504
"548","Cephalanthera (Waldvöglein)","waldvöglein","Cephalanthera ","de",505
"549","Chenopodium giganteum (Baumspinat)","baumspinat","Chenopodium giganteum ","de",506
"550","Cirsium arvense (Acker-Kratzdistel)","acker-kratzdistel","Cirsium arvense ","de",507
"552","Conium maculatum (Gefleckter Schierling)","gefleckter schierling","Conium maculatum ","de",508
"556","Digitalis purpurea (Roter Fingerhut)","roter fingerhut","Digitalis purpurea ","de",509
"557","Epimedium (Elfenblumen)","elfenblumen","Epimedium ","de",510
"558","Filipendula vulgaris (Kleines Mädesüß)","kleines mädesüß","Filipendula vulgaris ","de",511
"559","Geum rivale (Bach-Nelkenwurz)","bach-nelkenwurz","Geum rivale ","de",512
"560","Herminium monorchis (Einorchis, Einknollige Honigorchis)","einorchis, einknollige honigorchis","Herminium monorchis ","de",513
"564","Larix (Lärchen)","lärchen","Larix ","de",514
"565","Ligustrum vulgare (Gewöhnlicher Liguster)","gewöhnlicher liguster","Ligustrum vulgare ","de",515
"566","Lycopodium clavatum (Keulen-Bärlapp)","keulen-bärlapp","Lycopodium clavatum ","de",516
"567","Manilkara zapota (Breiapfelbaum, Kaugummibaum)","breiapfelbaum, kaugummibaum","Manilkara zapota ","de",517
"568","Mentzelia cordifolia (Anguraté)","anguraté","Mentzelia cordifolia ","de",518
"571","Notholaena marantae (Pelzfarn)","pelzfarn","Notholaena marantae ","de",519
"572","Ophrys holoserica (Hummel-Ragwurz)","hummel-ragwurz","Ophrys holoserica ","de",520
"575","Pimenta dioica (Piment)","piment","Pimenta dioica ","de",521
"577","Pouteria sapota (Große Sapote)","große sapote","Pouteria sapota ","de",522
"578","Pteris cretica (Saumfarn)","saumfarn","Pteris cretica ","de",523
"581","Rivina humilis (Blutbeere Korallenbeere)","blutbeere korallenbeere","Rivina humilis ","de",524
"582","Saponaria officinalis (Gewöhnliches Seifenkraut)","gewöhnliches seifenkraut","Saponaria officinalis ","de",525
"589","Theobroma cacao (Kakaobaum)","kakaobaum","Theobroma cacao ","de",526
"591","Vetiveria zizanioides (Vetiver)","vetiver","Vetiveria zizanioides ","de",527
"593","Achillea (Schafgarben)","schafgarben","Achillea ","de",528
"594","Agave (Agaven)","agaven","Agave ","de",529
"595","Amorphophallus abyssinicus (Bagana)","bagana","Amorphophallus abyssinicus ","de",530
"596","Arabis (Gänsekressen)","gänsekressen","Arabis ","de",531
"597","Athanasia acerosa (af: Geelblombos)","af: geelblombos","Athanasia acerosa ","de",532
"598","Barleria schmittii Benoist","barleria schmittii benoist","Barleria schmittii Benoist","de",533
"599","Beta (Rüben)","rüben","Beta ","de",534
"600","Blitum virgatum (Echter Erdbeerspinat)","echter erdbeerspinat","Blitum virgatum ","de",535
"601","Bouteloua hirsuta (Hairy Grama)","hairy grama","Bouteloua hirsuta ","de",536
"602","Callitriche marginata (en: Winged water starwort)","winged water starwort","Callitriche marginata ","en",537
"603","Cerastium arvense (Acker-Hornkraut)","acker-hornkraut","Cerastium arvense ","de",538
"604","Chenopodium polyspermum (Vielsamiger Gänsefuß)","vielsamiger gänsefuß","Chenopodium polyspermum ","de",539
"605","Cirsium oleraceum (Kohldistel)","kohldistel","Cirsium oleraceum ","de",540
"607","Consolida ajacis  (Garten-Rittersporn)","garten-rittersporn","Consolida ajacis  ","de",541
"610","Digitaria exilis (Foniohirse)","foniohirse","Digitaria exilis ","de",542
"611","Epipactis helleborine (Breitblättrige Stendelwurz)","breitblättrige stendelwurz","Epipactis helleborine ","de",543
"612","Foeniculum vulgare (Fenchel)","fenchel","Foeniculum vulgare ","de",544
"613","Geum urbanum","geum urbanum","Geum urbanum","de",545
"614","Hesperis matronalis (Echte Nachtviole, Gewöhnliche Nachtviole)","echte nachtviole, gewöhnliche nachtviole","Hesperis matronalis ","de",546
"618","Laserpitium (Laserkräuter)","laserkräuter","Laserpitium ","de",547
"619","Lilium bulbiferum (Feuer-Lilie)","feuer-lilie","Lilium bulbiferum ","de",548
"620","Lycopus europaeus (Ufer-Wolfstrapp)","ufer-wolfstrapp","Lycopus europaeus ","de",549
"621","Marchantia polymorpha (Brunnenlebermoos)","brunnenlebermoos","Marchantia polymorpha ","de",550
"622","Menyanthes trifoliata (Fieberklee)","fieberklee","Menyanthes trifoliata ","de",551
"625","Nuphar lutea (Gelbe Teichrose)","gelbe teichrose","Nuphar lutea ","de",552
"626","Ophrys insectifera (Fliegen-Ragwurz)","fliegen-ragwurz","Ophrys insectifera ","de",553
"629","Pimpinella anisum (Anis)","anis","Pimpinella anisum ","de",554
"631","Robinia pseudoacacia (Gewöhnliche Robinie)","gewöhnliche robinie","Robinia pseudoacacia ","de",555
"632","Satureja hortensis (Bohnenkraut)","bohnenkraut","Satureja hortensis ","de",556
"640","Thesium linophyllon (Mittleres Leinblatt)","mittleres leinblatt","Thesium linophyllon ","de",557
"641","Viburnum opulus (Gemeiner Schneeball)","gemeiner schneeball","Viburnum opulus ","de",558
"642","Achnatherum hymenoides (en: Indian rice grass)","indian rice grass","Achnatherum hymenoides ","en",559
"643","Ageratina altissima (en: White Snakeroot)","white snakeroot","Ageratina altissima ","en",560
"644","Amorphophallus titanum (Titanenwurz)","titanenwurz","Amorphophallus titanum ","de",561
"645","Arachis hypogaea (Erdnuss)","erdnuss","Arachis hypogaea ","de",562
"646","Athyrium Filix-femina (en: Lady Fern)","lady fern","Athyrium Filix-femina ","en",563
"647","Bartonia virginica (en: Yellow Bartonia)","yellow bartonia","Bartonia virginica ","en",564
"648","Betonica officinalis (Heil-Ziest)","heil-ziest","Betonica officinalis ","de",565
"649","Bloomeria","bloomeria","Bloomeria","de",566
"650","Brachychiton acerifolius (Australischer Flammenbaum)","australischer flammenbaum","Brachychiton acerifolius ","de",567
"651","Callitriche palustris (Sumpf-Wasserstern)","sumpf-wasserstern","Callitriche palustris ","de",568
"652","Cerastium glomeratum (Knäuel-Hornkraut)","knäuel-hornkraut","Cerastium glomeratum ","de",569
"653","Chenopodium pumilio (Australischer Gänsefuß)","australischer gänsefuß","Chenopodium pumilio ","de",570
"654","Cirsium palustre (Sumpf-Kratzdistel)","sumpf-kratzdistel","Cirsium palustre ","de",571
"656","Consolida regalis (Feld-Rittersporn, Gewöhnlicher Feldrittersporn)","feld-rittersporn, gewöhnlicher feldrittersporn","Consolida regalis ","de",572
"660","Dimocarpus longan (Longan)","longan","Dimocarpus longan ","de",573
"661","Epipogium aphyllum (Blattloser Widerbart)","blattloser widerbart","Epipogium aphyllum ","de",574
"662","Forsythia (Forsythien)","forsythien","Forsythia ","de",575
"663","Glechoma (Gundermann)","gundermann","Glechoma ","de",576
"664","Hibiscus (Hibiskus, Eibisch)","hibiskus, eibisch","Hibiscus ","de",577
"668","Lathraea (Schuppenwurzen)","schuppenwurzen","Lathraea ","de",578
"669","Limodorum abortivum (Dingel)","dingel","Limodorum abortivum ","de",579
"670","Lysimachia (Gilbweiderich)","gilbweiderich","Lysimachia ","de",580
"671","Marrubium vulgare (Gewöhnlicher Andorn)","gewöhnlicher andorn","Marrubium vulgare ","de",581
"672","Mercurialis annua (Einjähriges Bingelkraut)","einjähriges bingelkraut","Mercurialis annua ","de",582
"675","Nuphar pumila (Kleine Teichrose)","kleine teichrose","Nuphar pumila ","de",583
"676","Orchis (Knabenkräuter)","knabenkräuter","Orchis ","de",584
"679","Pimpinella (Bibernellen)","bibernellen","Pimpinella ","de",585
"685","Rollinia mucosa (Biribá, Schleimapfel)","biribá, schleimapfel","Rollinia mucosa ","de",586
"686","Saxifraga (Steinbrech)","steinbrech","Saxifraga ","de",587
"694","Thlaspi arvense (Ackerhellerkraut)","ackerhellerkraut","Thlaspi arvense ","de",588
"696","Vicia (Wicken)","wicken","Vicia ","de",589
"698","Acinos alpinus (Alpen-Steinquendel)","alpen-steinquendel","Acinos alpinus ","de",590
"699","Agoseris glauca (en: False dandelion)","false dandelion","Agoseris glauca ","en",591
"700","Amphicarpaea bracteata (en: American Hog Peanut)","american hog peanut","Amphicarpaea bracteata ","en",592
"701","Arachis pintoi (pt: Amendoim-forrageiro)","pt: amendoim-forrageiro","Arachis pintoi ","de",593
"702","Atriplex hortensis (Gartenmelde)","gartenmelde","Atriplex hortensis ","de",594
"703","Bartsia alpina (Alpenhelm)","alpenhelm","Bartsia alpina ","de",595
"704","Betula (Birken)","birken","Betula ","de",596
"705","Brachychiton diversifolium (Kurrajong)","kurrajong","Brachychiton diversifolium ","de",597
"706","Calluna vulgaris (Besenheide, Heidekraut)","besenheide, heidekraut","Calluna vulgaris ","de",598
"707","Cerastium semidecandrum (Sand-Hornkraut)","sand-hornkraut","Cerastium semidecandrum ","de",599
"708","Chenopodium quinoa (Reismelde, Quinoa)","reismelde, quinoa","Chenopodium quinoa ","de",600
"709","Cirsium vulgare (Gemeine Kratzdistel)","gemeine kratzdistel","Cirsium vulgare ","de",601
"711","Convallaria majalis (Maiglöckchen)","maiglöckchen","Convallaria majalis ","de",602
"715","Dioscorea villosa (Yams)","yams","Dioscorea villosa ","de",603
"716","Equisetum arvense (Ackerschachtelhalm)","ackerschachtelhalm","Equisetum arvense ","de",604
"717","Fortunella (Kumquats)","kumquats","Fortunella ","de",605
"718","Gleditsia (Gleditschien)","gleditschien","Gleditsia ","de",606
"719","Hieracium aurantiacum (Orangerotes Habichtskraut)","orangerotes habichtskraut","Hieracium aurantiacum ","de",607
"723","Lathyrus (Platterbsen)","platterbsen","Lathyrus ","de",608
"724","Linaria alpina (Alpen-Leinkraut)","alpen-leinkraut","Linaria alpina ","de",609
"725","Marsilea quadrifolia (Kleefarn)","kleefarn","Marsilea quadrifolia ","de",610
"726","Mesembryanthemum crystallinum (Eiskraut)","eiskraut","Mesembryanthemum crystallinum ","de",611
"729","Nypa fruticans (Nipapalme)","nipapalme","Nypa fruticans ","de",612
"730","Origanum majorana (Majoran)","majoran","Origanum majorana ","de",613
"733","Pinguicula grandiflora (Großblütiges Fettkraut)","großblütiges fettkraut","Pinguicula grandiflora ","de",614
"739","Rorippa nasturtium-aquaticum (Brunnenkresse)","brunnenkresse","Rorippa nasturtium-aquaticum ","de",615
"745","Thuja (Lebensbäume)","lebensbäume","Thuja ","de",616
"747","Viola arvensis (Acker-Stiefmütterchen)","acker-stiefmütterchen","Viola arvensis ","de",617
"749","Acinos arvensis (Gemeiner Steinquendel)","gemeiner steinquendel","Acinos arvensis ","de",618
"750","Agrimonia (Odermennige)","odermennige","Agrimonia ","de",619
"751","Anacamptis (Hundswurzen)","hundswurzen","Anacamptis ","de",620
"752","Aralia elata (Japanische Aralie)","japanische aralie","Aralia elata ","de",621
"753","Atriplex oblongifolia (Langblättrige Melde)","langblättrige melde","Atriplex oblongifolia ","de",622
"754","Bauhinia (Bauhinien)","bauhinien","Bauhinia ","de",623
"756","Brachychiton populneus (Pappelblättriger Brachychiton)","pappelblättriger brachychiton","Brachychiton populneus ","de",624
"757","Calochortus (Mormonentulpen)","mormonentulpen","Calochortus ","de",625
"758","Cerastium tomentosum (Filziges Hornkraut)","filziges hornkraut","Cerastium tomentosum ","de",626
"759","Chimonanthus praecox (Winterblüte)","winterblüte","Chimonanthus praecox ","de",627
"760","Citrofortunella mitis (Calamondin)","calamondin","Citrofortunella mitis ","de",628
"762","Conyza canadensis (Ackerr-Winde)","ackerr-winde","Conyza canadensis ","de",629
"766","Diospyros kaki (Kaki)","kaki","Diospyros kaki ","de",630
"767","Eragrostis minor (Kleine Liebesgras)","kleine liebesgras","Eragrostis minor ","de",631
"768","Fragaria (Erdbeeren)","erdbeeren","Fragaria ","de",632
"769","Gliricidia sepium (en: Quickstick)","quickstick","Gliricidia sepium ","en",633
"770","Himantoglossum hircinum (Bocks-Riemenzunge, Bocksorchis)","bocks-riemenzunge, bocksorchis","Himantoglossum hircinum ","de",634
"774","Laurus nobilis (Echter Lorbeer)","echter lorbeer","Laurus nobilis ","de",635
"775","Linum perenne (Ausdauernder Lein)","ausdauernder lein","Linum perenne ","de",636
"777","Matricaria (Kamillen)","kamillen","Matricaria ","de",637
"778","Mespilus germanica (Mispel)","mispel","Mespilus germanica ","de",638
"781","Origanum vulgare (Oregano)","oregano","Origanum vulgare ","de",639
"784","Pinus (Kiefern)","kiefern","Pinus ","de",640
"790","Rorippa palustris (Gewöhnliche Sumpfkresse)","gewöhnliche sumpfkresse","Rorippa palustris ","de",641
"799","Thymus vulgaris (Echter Thymian)","echter thymian","Thymus vulgaris ","de",642
"801","Viola odorata (Duftveilchen)","duftveilchen","Viola odorata ","de",643
"803","Acokanthera oblongifolia (Buschmanns Schöngift)","buschmanns schöngift","Acokanthera oblongifolia ","de",644
"804","Agropyron repens (Gemeine Quecke)","gemeine quecke","Agropyron repens ","de",645
"805","Anagallis (Gauchheil)","gauchheil","Anagallis ","de",646
"806","Aralia hispida (en: Bristly Sarsaparilla)","bristly sarsaparilla","Aralia hispida ","en",647
"807","Atropa belladonna (Schwarze Tollkirsche)","schwarze tollkirsche","Atropa belladonna ","de",648
"810","Brachyelytrum aristosum (en: Northern Shorthusk)","northern shorthusk","Brachyelytrum aristosum ","en",649
"811","Calopogon (Grass pink)","grass pink","Calopogon ","de",650
"812","Ceratonia siliqua (Johannisbrotbaum)","johannisbrotbaum","Ceratonia siliqua ","de",651
"813","Chionodoxa gigantea (Schneestolz)","schneestolz","Chionodoxa gigantea ","de",652
"814","Citrullus colocynthis (Koloquinte)","koloquinte","Citrullus colocynthis ","de",653
"816","Corallorhiza trifida (Korallenwurz)","korallenwurz","Corallorhiza trifida ","de",654
"820","Diphasiastrum complanatum (Gewöhnlicher Flachbärlapp)","gewöhnlicher flachbärlapp","Diphasiastrum complanatum ","de",655
"821","Eranthis hyemalis (Winterling)","winterling","Eranthis hyemalis ","de",656
"822","Frangula alnus (Gewöhnlicher Faulbaum)","gewöhnlicher faulbaum","Frangula alnus ","de",657
"823","Glycyrrhiza glabra (Echtes Süßholz)","echtes süßholz","Glycyrrhiza glabra ","de",658
"824","Hippophae rhamnoides (Sanddorn)","sanddorn","Hippophae rhamnoides ","de",659
"827","Lavandula angustifolia (Echter Lavendel)","echter lavendel","Lavandula angustifolia ","de",660
"828","Liparis loeselii (Zwiebelorchis)","zwiebelorchis","Liparis loeselii ","de",661
"830","Metasequoia glyptostroboides (Urweltmammutbaum)","urweltmammutbaum","Metasequoia glyptostroboides ","de",662
"834","Ornithogalum umbellatum (Dolden-Milchstern)","dolden-milchstern","Ornithogalum umbellatum ","de",663
"837","Piper nigrum (Echter Pfeffer)","echter pfeffer","Piper nigrum ","de",664
"842","Rosa (Rosen)","rosen","Rosa ","de",665
"848","Tiarella (Schaumblüten)","schaumblüten","Tiarella ","de",666
"849","Viola tricolor (Wildes Stiefmütterchen)","wildes stiefmütterchen","Viola tricolor ","de",667
"851","Aconitum (Eisenhut)","eisenhut","Aconitum ","de",668
"852","Agrostemma githago (Kornrade)","kornrade","Agrostemma githago ","de",669
"853","Anarcadium occidentale (Cashewbaum)","cashewbaum","Anarcadium occidentale ","de",670
"854","Aralia nudicaulis (en: Wild Sarsaparilla)","wild sarsaparilla","Aralia nudicaulis ","en",671
"855","Attalea (Attalea-Palmen)","attalea-palmen","Attalea ","de",672
"859","Brachyelytrum erectum (en: Bearded Shorthusk)","bearded shorthusk","Brachyelytrum erectum ","en",673
"860","Caltha palustris (Gewöhnliche Sumpfdotterblume)","gewöhnliche sumpfdotterblume","Caltha palustris ","de",674
"861","Ceratophyllum demersum (Raues Hornblatt)","raues hornblatt","Ceratophyllum demersum ","de",675
"862","Chrysanthemum coronarium (Salatchrysantheme, Shungiku)","salatchrysantheme, shungiku","Chrysanthemum coronarium ","de",676
"863","Citrullus lanatus (Wassermelone)","wassermelone","Citrullus lanatus ","de",677
"865","Corchorus spp. (pt:  Juta vermelha)","pt:  juta vermelha","Corchorus spp. ","de",678
"869","Diphasiastrum issleri (Isslers Flachbärlapp)","isslers flachbärlapp","Diphasiastrum issleri ","de",679
"870","Erica tetralix (Glocken-Heide)","glocken-heide","Erica tetralix ","de",680
"871","Frangula purshiana (Amerikanischer Faulbaum)","amerikanischer faulbaum","Frangula purshiana ","de",681
"872","Glycine max (Sojabohne)","sojabohne","Glycine max ","de",682
"873","Hippuris vulgaris (Tannenwedel)","tannenwedel","Hippuris vulgaris ","de",683
"877","Listera ovata","listera ovata","Listera ovata","de",684
"880","Meum athamanticum (Bärwurz)","bärwurz","Meum athamanticum ","de",685
"884","Orobanche caryophyllacea (Nelken-Sommerwurz, Gewöhnliche Sommerwurz)","nelken-sommerwurz, gewöhnliche sommerwurz","Orobanche caryophyllacea ","de",686
"887","Pisum sativum (Erbse)","erbse","Pisum sativum ","de",687
"893","Rosmarinus officinalis (Rosmarin)","rosmarin","Rosmarinus officinalis ","de",688
"902","Tibouchina","tibouchina","Tibouchina","de",689
"904","Viscum album (Weißbeerige Mistel)","weißbeerige mistel","Viscum album ","de",690
"906","Acorus americanus (en: Sweet-flag)","sweet-flag","Acorus americanus ","en",691
"907","Agrostis gigantea (Redtop)","redtop","Agrostis gigantea ","de",692
"908","Anamirta cocculus (Scheinmyrte)","scheinmyrte","Anamirta cocculus ","de",693
"909","Aralia racemosa (Amerikanische Narde)","amerikanische narde","Aralia racemosa ","de",694
"910","Aureolaria pedicularia (en: Fern-leaf False Foxglove)","fern-leaf false foxglove","Aureolaria pedicularia ","en",695
"914","Brachypodium pinnatum (Fiederzwenke)","fiederzwenke","Brachypodium pinnatum ","de",696
"915","Calylophus serrulatus (en: Yellow Sundrops)","yellow sundrops","Calylophus serrulatus ","en",697
"916","Ceratostigma plumbaginoides (Chinesische Bleiwurz)","chinesische bleiwurz","Ceratostigma plumbaginoides ","de",698
"917","Chrysosplenium alternifolium (Wechselblättriges Milzkraut)","wechselblättriges milzkraut","Chrysosplenium alternifolium ","de",699
"918","Citrus (Zitruspflanzen)","zitruspflanzen","Citrus ","de",700
"919","Cornus (Hartriegel)","hartriegel","Cornus ","de",701
"920","Diphasiastrum oellgaardii (Oellgaards Flachbärlapp)","oellgaards flachbärlapp","Diphasiastrum oellgaardii ","de",702
"921","Erigeron annuus (Weißes Berufkraut)","weißes berufkraut","Erigeron annuus ","de",703
"922","Fumaria officinalis (Gewöhnlicher Erdrauch)","gewöhnlicher erdrauch","Fumaria officinalis ","de",704
"923","Glycine tabacina (en: Variable glycine)","variable glycine","Glycine tabacina ","en",705
"924","Hordeum vulgare (Gerste)","gerste","Hordeum vulgare ","de",706
"928","Litchi chinensis (Litchibaum)","litchibaum","Litchi chinensis ","de",707
"934","Osmanthus heterophyllus (Stachelblättrige Duftblüte)","stachelblättrige duftblüte","Osmanthus heterophyllus ","de",708
"935","Pittosporum tobira (Chinesischer Klebsame)","chinesischer klebsame","Pittosporum tobira ","de",709
"939","Roystonea oleracea (Palmiste, Chaguaramo)","palmiste, chaguaramo","Roystonea oleracea ","de",710
"948","Tilia (Linden)","linden","Tilia ","de",711
"950","Vitis vinifera (Weinrebe)","weinrebe","Vitis vinifera ","de",712
"951","Acorus calamus (Kalmus)","kalmus","Acorus calamus ","de",713
"952","Ailanthus altissima (Götterbaum)","götterbaum","Ailanthus altissima ","de",714
"953","Ananas comosus (Ananas)","ananas","Ananas comosus ","de",715
"954","Araucaria heterophylla (Zimmertanne)","zimmertanne","Araucaria heterophylla ","de",716
"955","Austrocedrus chilensis (Chilezeder)","chilezeder","Austrocedrus chilensis ","de",717
"959","Brasenia schreberi (en: Water-shield)","water-shield","Brasenia schreberi ","en",718
"960","Calypso bulbosa (Norne)","norne","Calypso bulbosa ","de",719
"961","Ceterach officinarum (Schriftfarn)","schriftfarn","Ceterach officinarum ","de",720
"962","Chrysosplenium oppositifolium (Gegenblättriges Milzkraut)","gegenblättriges milzkraut","Chrysosplenium oppositifolium ","de",721
"964","Coronilla varia (Bunte Kronwicke)","bunte kronwicke","Coronilla varia ","de",722
"968","Diphasiastrum tristachyum (Zypressen-Flachbärlapp)","zypressen-flachbärlapp","Diphasiastrum tristachyum ","de",723
"969","Eriobotrya japonica (Japanische Wollmispel)","japanische wollmispel","Eriobotrya japonica ","de",724
"970","Funaria hygrometrica (Echtes Drehmoos)","echtes drehmoos","Funaria hygrometrica ","de",725
"971","Gnetum africanum (Eru, KoKo)","eru, koko","Gnetum africanum ","de",726
"972","Hottonia palustris (Europäische Wasserfeder)","europäische wasserfeder","Hottonia palustris ","de",727
"977","Littorella uniflora (Europäischer Strandling)","europäischer strandling","Littorella uniflora ","de",728
"984","Oxalis (Sauerklee)","sauerklee","Oxalis ","de",729
"992","Rubus fruticosus agg. (Brombeeren)","brombeeren","Rubus fruticosus agg. ","de",730
"1001","Trachyspermum ammi (Ajowan)","ajowan","Trachyspermum ammi ","de",731
"1003","Vitellaria paradoxa (pt: Carité)","pt: carité","Vitellaria paradoxa ","de",732
"1005","Actaea (Christophskräuter)","christophskräuter","Actaea ","de",733
"1006","Ajuga genevensis (Genfer Günsel)","genfer günsel","Ajuga genevensis ","de",734
"1007","Anaphalis margaritacea (en: Pearly Everlasting)","pearly everlasting","Anaphalis margaritacea ","en",735
"1008","Arbutus unedo (Westlicher Erdbeerbaum)","westlicher erdbeerbaum","Arbutus unedo ","de",736
"1009","Avena sativa (Echter Hafer)","echter hafer","Avena sativa ","de",737
"1013","Brassica (Kohl)","kohl","Brassica ","de",738
"1014","Calystegia (Zaunwinden)","zaunwinden","Calystegia ","de",739
"1017","Coriandrum sativum (Echter Koriander)","echter koriander","Coriandrum sativum ","de",740
"1021","Diphasiastrum zeilleri (Zeillers-Flachbärlapp)","zeillers-flachbärlapp","Diphasiastrum zeilleri ","de",741
"1022","Eriophorum vaginatum (Scheiden-Wollgras)","scheiden-wollgras","Eriophorum vaginatum ","de",742
"1023","Gnetum gnemon (Gnetumbaum)","gnetumbaum","Gnetum gnemon ","de",743
"1024","Humulus (Hopfen)","hopfen","Humulus ","de",744
"1040","Rubus idaeus (Himbeere)","himbeere","Rubus idaeus ","de",745
"1048","Tragopogon porrifolius (Haferwurzel)","haferwurzel","Tragopogon porrifolius ","de",746
"1049","Vitex agnus-castus (Mönchspfeffer)","mönchspfeffer","Vitex agnus-castus ","de",747
"1051","Actinidia arguta (Kleinfrüchtige Kiwi)","kleinfrüchtige kiwi","Actinidia arguta ","de",748
"1052","Ajuga reptans (Kriechender Günsel)","kriechender günsel","Ajuga reptans ","de",749
"1053","Anchusa (Ochsenzungen)","ochsenzungen","Anchusa ","de",750
"1054","Arceuthobium pusillum (en: Eastern Dwarf Mistletoe)","eastern dwarf mistletoe","Arceuthobium pusillum ","en",751
"1055","Avenella flexuosa (Drahtschmiele)","drahtschmiele","Avenella flexuosa ","de",752
"1059","Brassica nigra (Schwarzer Senf)","schwarzer senf","Brassica nigra ","de",753
"1060","Calystegia sepium (en: Hedge Bindweed)","hedge bindweed","Calystegia sepium ","en",754
"1065","Corydalis (Lerchensporn)","lerchensporn","Corydalis ","de",755
"1069","Diplotaxis tenuifolia (Schmalblättriger Doppelsame)","schmalblättriger doppelsame","Diplotaxis tenuifolia ","de",756
"1070","Erodium cicutarium (Gewöhnlicher Reiherschnabel)","gewöhnlicher reiherschnabel","Erodium cicutarium ","de",757
"1072","Godetia grandiflora (Sommerazalee)","sommerazalee","Godetia grandiflora ","de",758
"1073","Huperzia selago (Tannen-Bärlapp)","tannen-bärlapp","Huperzia selago ","de",759
"1094","Rumex (Ampfer)","ampfer","Rumex ","de",760
"1101","Tragopogon pratensis (Wiesen-Bocksbart)","wiesen-bocksbart","Tragopogon pratensis ","de",761
"1103","Xysmalobium undulatum (Uzara)","uzara","Xysmalobium undulatum ","de",762
"1105","Actinidia deliciosa (Kiwi)","kiwi","Actinidia deliciosa ","de",763
"1106","Alcea rosea L. (Gewöhnliche Stockrose)","gewöhnliche stockrose","Alcea rosea L. ","de",764
"1107","Andromeda polifolia (en: Bog Rosemary)","bog rosemary","Andromeda polifolia ","en",765
"1108","Arctium (Kletten)","kletten","Arctium ","de",766
"1109","Averrhoa bilimbi (Gurkenbaum)","gurkenbaum","Averrhoa bilimbi ","de",767
"1113","Brickellia eupatorioides (en: )","","Brickellia eupatorioides ","en",768
"1114","Calystegia spithamaea (en: Low False Bindweed)","low false bindweed","Calystegia spithamaea ","en",769
"1119","Corylus avellana (Gewöhnliche Hasel, Haselnussstrauch)","gewöhnliche hasel, haselnussstrauch","Corylus avellana ","de",770
"1123","Dipsacus fullonum (Wilde Karde)","wilde karde","Dipsacus fullonum ","de",771
"1124","Erophila verna (Frühlings-Hungerblümchen)","frühlings-hungerblümchen","Erophila verna ","de",772
"1126","Goodyera repens (Moosorchis)","moosorchis","Goodyera repens ","de",773
"1127","Hydrocera triflora (L.) Wight &amp Arn.","l. wight &amp arn.","Hydrocera triflora ","de",774
"1155","Traunsteinera globosa (Kugelorchis)","kugelorchis","Traunsteinera globosa ","de",775
"1158","Adansonia (Affenbrotbäume)","affenbrotbäume","Adansonia ","de",776
"1159","Alchemilla (Frauenmantel)","frauenmantel","Alchemilla ","de",777
"1160","Andropogon gerardii (en: Big Bluestem)","big bluestem","Andropogon gerardii ","en",778
"1161","Arctostaphylos (Bärentrauben)","bärentrauben","Arctostaphylos ","de",779
"1162","Averrhoa carambola (Sternfrucht)","sternfrucht","Averrhoa carambola ","de",780
"1166","Brodiaea minor","brodiaea minor","Brodiaea minor","de",781
"1167","Camelina microcarpa","camelina microcarpa","Camelina microcarpa","de",782
"1172","Corynephorus canescens (Silbergras)","silbergras","Corynephorus canescens ","de",783
"1176","Dittrichia graveolens (Klebriger Alant)","klebriger alant","Dittrichia graveolens ","de",784
"1177","Eruca sativa (Rucola)","rucola","Eruca sativa ","de",785
"1179","Gossypium (Baumwolle)","baumwolle","Gossypium ","de",786
"1180","Hymenaea (Animebäume)","animebäume","Hymenaea ","de",787
"1210","Trichomanes speciosum (Prächtiger Dünnfarn)","prächtiger dünnfarn","Trichomanes speciosum ","de",788
"1214","Adenophora liliifolia (Becherglocke, Drüsenglocke)","becherglocke, drüsenglocke","Adenophora liliifolia ","de",789
"1215","Aldrovanda vesiculosa (Blasige Aldrovandie, Wasserfalle)","blasige aldrovandie, wasserfalle","Aldrovanda vesiculosa ","de",790
"1216","Androsace (Mannsschild)","mannsschild","Androsace ","de",791
"1217","Areca catechu (Betelpalme)","betelpalme","Areca catechu ","de",792
"1218","Azadirachta indica (Niembaum)","niembaum","Azadirachta indica ","de",793
"1222","Brodiaea kinkiensis (en: San Clemente Island Brodiaea)","san clemente island brodiaea","Brodiaea kinkiensis ","en",794
"1223","Camellia (Kamelien)","kamelien","Camellia ","de",795
"1228","Cota (früher Unterart von Anthemis)","früher unterart von anthemis","Cota ","de",796
"1231","Dracocephalum argunense (Argun-Drachenkopf)","argun-drachenkopf","Dracocephalum argunense ","de",797
"1232","Eryngium planum (Flachblatt-Mannstreu)","flachblatt-mannstreu","Eryngium planum ","de",798
"1234","Grimmia pulvinata (Polster-Kissenmoos)","polster-kissenmoos","Grimmia pulvinata ","de",799
"1235","Hypericum perforatum (Echtes Johanniskraut)","echtes johanniskraut","Hypericum perforatum ","de",800
"1256","Trichosanthes cucumerina (Schlangenhaargurke)","schlangenhaargurke","Trichosanthes cucumerina ","de",801
"1258","Adenostoma fasciculatum (en: Chamise)","chamise","Adenostoma fasciculatum ","en",802
"1259","Alkanna","alkanna","Alkanna","de",803
"1260","Anemone (Windröschen)","windröschen","Anemone ","de",804
"1261","Arenaria (Sandkräuter)","sandkräuter","Arenaria ","de",805
"1262","Azolla filiculoides (Großer Algenfarn)","großer algenfarn","Azolla filiculoides ","de",806
"1266","Brodiaea terrestris","brodiaea terrestris","Brodiaea terrestris","de",807
"1267","Campanula americana (en: American Bellflower)","american bellflower","Campanula americana ","en",808
"1275","Dracocephalum moldavica (Türkischer Drachenkopf)","türkischer drachenkopf","Dracocephalum moldavica ","de",809
"1276","Erysimum cheiri (Goldlack)","goldlack","Erysimum cheiri ","de",810
"1278","Guizotia abyssinica (Ramtillkraut, Gingellikraut)","ramtillkraut, gingellikraut","Guizotia abyssinica ","de",811
"1279","Hypericum × desetangsii (Bastard-Johanniskraut)","bastard-johanniskraut","Hypericum × desetangsii ","de",812
"1309","Trifolium (Klee)","klee","Trifolium ","de",813
"1313","Adiantum capillus-veneris (Frauenhaarfarn)","frauenhaarfarn","Adiantum capillus-veneris ","de",814
"1314","Alisma (Froschlöffel)","froschlöffel","Alisma ","de",815
"1315","Anemopsis californica (Kalifornischer Eidechsenschwanz)","kalifornischer eidechsenschwanz","Anemopsis californica ","de",816
"1316","Arethusa bulbosa (en: Dragon's Mouth)","dragon's mouth","Arethusa bulbosa ","en",817
"1320","Bromus grossus (Dicke Trespe)","dicke trespe","Bromus grossus ","de",818
"1321","Campanula aparinoides (en: Marsh Bellflower)","marsh bellflower","Campanula aparinoides ","en",819
"1330","Drosera rotundifolia (Rundblättriger Sonnentau)","rundblättriger sonnentau","Drosera rotundifolia ","de",820
"1331","Erythrophleum africanum (en: African Ordealtree)","african ordealtree","Erythrophleum africanum ","en",821
"1333","Gynandropsis gynandra (en: African spider-flower)","african spider-flower","Gynandropsis gynandra ","en",822
"1334","Hypochaeris maculata (Geflecktes Ferkelkraut)","geflecktes ferkelkraut","Hypochaeris maculata ","de",823
"1364","Trigonella foenum-graecum (Bockshornklee)","bockshornklee","Trigonella foenum-graecum ","de",824
"1368","Adiantum pedatum (en: Maidenhair Fern)","maidenhair fern","Adiantum pedatum ","en",825
"1369","Alliaria petiolata (Knoblauchsrauke)","knoblauchsrauke","Alliaria petiolata ","de",826
"1370","Anethum graveolens (Dill)","dill","Anethum graveolens ","de",827
"1371","Argania spinosa (Arganbaum)","arganbaum","Argania spinosa ","de",828
"1376","Bromus hordeaceus (Weiche Trespe)","weiche trespe","Bromus hordeaceus ","de",829
"1377","Campanula cervicaria (en: Bristly Bellflower)","bristly bellflower","Campanula cervicaria ","en",830
"1383","Dryas x suendermannii (Garten-Silberwurz)","garten-silberwurz","Dryas x suendermannii ","de",831
"1384","Eschscholzia californica (Kalifornischer Kappenmohn)","kalifornischer kappenmohn","Eschscholzia californica ","de",832
"1386","Hypochaeris radicata (Gewöhnliches Ferkelkraut)","gewöhnliches ferkelkraut","Hypochaeris radicata ","de",833
"1413","Trinia glauca (Blaugrüner Faserschirm)","blaugrüner faserschirm","Trinia glauca ","de",834
"1417","Adenostyles (Alpendost)","alpendost","Adenostyles ","de",835
"1418","Allium (Lauch-Arten)","lauch-arten","Allium ","de",836
"1419","Angelica archangelica (Echte Engelwurz)","echte engelwurz","Angelica archangelica ","de",837
"1420","Argemone mexicana (Mexikanischer Stachelmohn)","mexikanischer stachelmohn","Argemone mexicana ","de",838
"1424","Brugmansia suaveolens (Engelstrompete)","engelstrompete","Brugmansia suaveolens ","de",839
"1425","Campanula glomerata (Büschel-Glockenblume)","büschel-glockenblume","Campanula glomerata ","de",840
"1434","Dryopteris filix-mas (Echter Wurmfarn)","echter wurmfarn","Dryopteris filix-mas ","de",841
"1435","Eucalyptus (Eukalyptus)","eukalyptus","Eucalyptus ","de",842
"1463","Triplochiton scleroxylon (Abachi-Baum)","abachi-baum","Triplochiton scleroxylon ","de",843
"1466","Adlumia fungosa (Allegheny vine)","allegheny vine","Adlumia fungosa ","de",844
"1467","Alnus (Erlen)","erlen","Alnus ","de",845
"1468","Angelica atropurpurea (en: Angelica)","angelica","Angelica atropurpurea ","en",846
"1469","Argyranthemum (Margariten)","margariten","Argyranthemum ","de",847
"1474","Brunfelsia pauciflora (en: Brazil raintree)","brazil raintree","Brunfelsia pauciflora ","en",848
"1475","Campanula patula (Wiesen-Glockenblume)","wiesen-glockenblume","Campanula patula ","de",849
"1484","Duchesnea indica (Indische Scheinerdbeere)","indische scheinerdbeere","Duchesnea indica ","de",850
"1485","Eugenia uniflora (Surinamkirsche)","surinamkirsche","Eugenia uniflora ","de",851
"1518","Tripolium pannonicum (Jacq.) Dobrocz. (Strand-Aster)","jacq. dobrocz. ","Tripolium pannonicum ","de",852
"1522","Adonis (Adonisröschen)","adonisröschen","Adonis ","de",853
"1523","Aloe cameronii","aloe cameronii","Aloe cameronii","de",854
"1524","Angelica sinensis (Chinesische Engelwurz)","chinesische engelwurz","Angelica sinensis ","de",855
"1525","Arisaema dracontium (en: Green Dragon)","green dragon","Arisaema dracontium ","en",856
"1529","Bryonia alba (Weiße Zaunrübe)","weiße zaunrübe","Bryonia alba ","de",857
"1530","Campanula persicifolia (Pfirsichblättrige Glockenblume)","pfirsichblättrige glockenblume","Campanula persicifolia ","de",858
"1538","Durio zibethinus (Durianbaum)","durianbaum","Durio zibethinus ","de",859
"1539","Euonymus europaeus (Gewöhnlicher Spindelstrauch, Pfaffenhütchen)","gewöhnlicher spindelstrauch, pfaffenhütchen","Euonymus europaeus ","de",860
"1565","Trisetum spicatum","trisetum spicatum","Trisetum spicatum","de",861
"1568","Adoxa moschatellina (Moschatel)","moschatel","Adoxa moschatellina ","de",862
"1569","Aloe vera (Echte Aloe)","echte aloe","Aloe vera ","de",863
"1570","Angelica sylvestris (Wald-Engelwurz)","wald-engelwurz","Angelica sylvestris ","de",864
"1571","Arisaema triphyllum (en: Jack-in-the-Pulpit)","jack-in-the-pulpit","Arisaema triphyllum ","en",865
"1576","Bryonia dioica (Rotfrüchtige Zaunrübe)","rotfrüchtige zaunrübe","Bryonia dioica ","de",866
"1577","Campanula rapunculus (Rapunzel-Glockenblume)","rapunzel-glockenblume","Campanula rapunculus ","de",867
"1586","Eupatorium cannabinum (Gewöhnlicher Wasserdost)","gewöhnlicher wasserdost","Eupatorium cannabinum ","de",868
"1619","Triticum (Weizen)","weizen","Triticum ","de",869
"1623","Alopecurus aequalis (Gelbroter Fuchsschwanz)","gelbroter fuchsschwanz","Alopecurus aequalis ","de",870
"1624","Anisodontea hypomandarum ","anisodontea hypomandarum ","Anisodontea hypomandarum ","de",871
"1625","Aristolochia clematitis (Osterluzei)","osterluzei","Aristolochia clematitis ","de",872
"1629","Buchloe dactyloides (en: Buffalo Grass)","buffalo grass","Buchloe dactyloides ","en",873
"1630","Campanula rotundifolia (Rundblättrige Glockenblume)","rundblättrige glockenblume","Campanula rotundifolia ","de",874
"1640","Euphorbia (Wolfsmilch)","wolfsmilch","Euphorbia ","de",875
"1667","Tropaeolum majus (Große Kapuzinerkresse)","große kapuzinerkresse","Tropaeolum majus ","de",876
"1671","Althaea officinalis (Eibisch)","eibisch","Althaea officinalis ","de",877
"1672","Annona (Anona)","anona","Annona ","de",878
"1673","Armeria (Grasnelken)","grasnelken","Armeria ","de",879
"1678","Buglossoides purpurocaerulea (Blauer Steinsame)","blauer steinsame","Buglossoides purpurocaerulea ","de",880
"1679","Campanula scheuchzeri (Scheuchzers Glockenblume)","scheuchzers glockenblume","Campanula scheuchzeri ","de",881
"1689","Euphrasia (Augentrost)","augentrost","Euphrasia ","de",882
"1721","Tropaeolum tuberosum (Knollige Kapuzinerkresse)","knollige kapuzinerkresse","Tropaeolum tuberosum ","de",883
"1726","Alyogyne huegelii (en: Lilac Hibiscus)","lilac hibiscus","Alyogyne huegelii ","en",884
"1727","Anogramma leptophylla (Dünnblättriger Nacktfarn)","dünnblättriger nacktfarn","Anogramma leptophylla ","de",885
"1728","Armoracia rusticana (Gewöhnlicher Meerrettich)","gewöhnlicher meerrettich","Armoracia rusticana ","de",886
"1733","Bulbine frutescens (Stelzen-Bulbine)","stelzen-bulbine","Bulbine frutescens ","de",887
"1734","Campanula trachelium (Brennesselblättrige Glockenblume)","brennesselblättrige glockenblume","Campanula trachelium ","de",888
"1744","Eurybia divaricatus (Gebüsch-Aster)","gebüsch-aster","Eurybia divaricatus ","de",889
"1776","Tsuga (Hemlocktannen)","hemlocktannen","Tsuga ","de",890
"1781","Alyssoides utriculata (Blasenschötchen)","blasenschötchen","Alyssoides utriculata ","de",891
"1782","Antennaria dioica (Gewöhnliches Katzenpfötchen)","gewöhnliches katzenpfötchen","Antennaria dioica ","de",892
"1783","Arnica montana (Arnika)","arnika","Arnica montana ","de",893
"1788","Bunium bulbocastanum (Erdkastanie)","erdkastanie","Bunium bulbocastanum ","de",894
"1789","Canadanthus modestus (en: Modest Aster)","modest aster","Canadanthus modestus ","en",895
"1799","Euterpe oleracea (Açaí, Kohlpalme)","açaí, kohlpalme","Euterpe oleracea ","de",896
"1830","Tulipa (Tulpen)","tulpen","Tulipa ","de",897
"1835","Antennaria neglecta (en: Field Pussytoes)","field pussytoes","Antennaria neglecta ","en",898
"1836","Arnoglossum plantagineum (en: Tuberous Indian Plantain)","tuberous indian plantain","Arnoglossum plantagineum ","en",899
"1841","Buphthalmum salicifolium (Weidenblättriges Ochsenauge)","weidenblättriges ochsenauge","Buphthalmum salicifolium ","de",900
"1842","Cannabis sativa  (Hanf, Marihuana, Haschisch)","hanf, marihuana, haschisch","Cannabis sativa  ","de",901
"1872","Tussilago farfara (Huflattich)","huflattich","Tussilago farfara ","de",902
